timestamp,concept,puzzle,test_idx,effort,is_correct,err,tools_used,answer,summary,programming_calls,Rule_correct,rule_evaluation_reasoning,Rule,validated,Rule_correct_label,validation_level,starred
2025-07-24T22:41:53,TopBottom2D,TopBottom2D1,1,medium,0,parse:rows have unequal length,0,,"**Analyzing image pairs**

I need to analyze the first image, which has four pairs. Each pair consists of a larger grid on the left with yellow and green shapes, and a smaller extracted grid on the right. My goal is to figure out the transformation rule for extracting colored shapes. For the first pair, the big grid appears to be around 16x16, with a yellow T shape at the top and a larger green square below. The smaller grid looks like it might be 4x3. Since I can only reference the descriptions, I need to analyze these visually by concept.

**Examining grid pairs**

The small grid on the right may contain a copy of one of the colored shapes from the left grid. In the second pair, the larger grid shows a green vertical line and a yellow L shape. The smaller grid on the right likely represents the green shape. 

In the third pair, the left side features a green and yellow horizontal line, while the right shows a row of green. The fourth pair presents a yellow plus shape and a green inverted U. The smaller grid here displays a yellow plus with a black center. 

The pattern seems to suggest extracting the non-black shape with more yellow than green, or whichever is at the top. I’ll carefully analyze each pair again.

**Assigning color codes**

We're delivering a grid with numbers instead of colors, so I need to assign code numbers based on the provided index list: black=0, blue=1, red=2, green=3, yellow=4, gray=5, magenta=6, orange=7, cyan=8, brown=9. This means the green cells will have an index of 3 and yellow cells an index of 4. Now I need to figure out the rule for the grids. 

In the left grid, there are multiple colored shapes, and the smaller grid seems to produce a separate shape by extracting colors in a contiguous manner. In the second pair, the right grid looks like it could be a 2x3 block of green. The left grid has a vertical green bar, possibly 4 tall and 2 wide. Let me closely examine the image to clarify.

**Identifying extraction patterns**

I'm noticing a pattern in how shapes are extracted from a larger grid to a smaller one. For example, it seems the smaller grid pulls the topmost, colored shapes from the larger one. In pair 1, the topmost yellow T shape is extracted, while in pair 2, a green shape near the top left is chosen. This consistent rule appears to be selecting the topmost connected cluster of colored cells based on their position by row.

**Analyzing shape extraction**

I'm thinking about how to copy a shape into a new grid, focusing on its bounding box and preserving the colors inside, including both colored and black cells. In pair 4, the smaller grid shows what looks like a yellow and black checker pattern replicating a plus shape. The plus shape appears to consist of five yellow cells with a black center. I’m realizing the extraction might not preserve internal black cells. Instead, it might crop only the bounding rectangle that includes external black background cells. I need to analyze the dimensions more closely.

**Imagining the grid**

I’m thinking about how to simplify the process while still achieving results. We might not need a high level of precision; instead, we want to generate a grid for the second image using a specific rule: utilize the topmost colored shape and crop a bounding rectangle. The grid should likely be 7x7, starting with yellow in the first two rows and four columns. I'll visualize and work through this carefully!",,-1,,,1,Nonresponsive,2,0
2025-07-24T22:45:47,TopBottom2D,TopBottom2D1,2,medium,0,mismatch,0,4 4 4 4 4 4 4 4 4 4 4 4 4,"**Examining grid outputs**

For the third pair, I see an input grid with a green horizontal bar at the top and a yellow bar potentially in the middle. The output seems to show only the green horizontal row. In the fourth pair, the input includes a symmetrical yellow plus sign at the top and a green cup shape at the bottom. The output appears as a 3x3 small grid with a yellow pattern. I'll need to double-check the details to ensure I'm interpreting these correctly!

**Analyzing color patterns**

The output presents a 3x3 pattern of alternating yellow and black squares, with yellow at the corners and edges, and black in the center. The bottom-right grid appears to display a yellow plus shape surrounding black squares. 

From the original image, surrounding colors are primarily yellow and green on a black background. Each grid seems to isolate one color, either green or yellow, possibly based on the number of cells. For the first pair, the output corresponds with a small yellow T shape over a larger green area, indicating that yellow might be chosen due to its fewer cells or position.

**Determining color patterns**

In analyzing pair two, I notice a small green 2x2 block may represent four cells, while the yellow L-shape could have five, suggesting green is the minority color. In pair three, I see green and yellow bars that seem almost equal, but counting reveals the yellow bar might actually be shorter, reinforcing the choice of green for the output. By pair four, the yellow plus shape with five cells is confirmed as the minority. The rule appears to be extracting the minority color while preserving its pattern alongside any black cells present. I'll need to ensure ""minority"" is based on cell count.

Rule: Scan rows from top until the first coloured (non-black) cell is encountered; identify its colour. Extract the minimal bounding rectangle that contains all cells of this colour, keeping that colour and any black cells inside the rectangle, and output this cropped pattern.",,1,"The Evaluated Rule specifies scanning rows from the top until the first non-black cell is found, which may not necessarily produce the highest shape as required by the Ground Truth Rule. The Ground Truth Rule focuses on the highest shape in a minimal bounding box, while the Evaluated Rule may only capture the first encountered shape, potentially missing higher shapes that are not in the topmost row.","Scan rows from top until the first coloured (non-black) cell is encountered; identify its colour. Extract the minimal bounding rectangle that contains all cells of this colour, keeping that colour and any black cells inside the rectangle, and output this cropped pattern.",1,Correct - Unintended,2,0
2025-07-24T22:51:52,TopBottom2D,TopBottom2D1,3,medium,0,mismatch,0,"0 3 3 3 3
3 3 0 3 3
0 3 3 3 0","**Inspecting image patterns**

I need to carefully analyze the images. The first image features 4 input-output pairs. On the left is a large black grid with yellow and green squares, while the right displays a smaller pattern. Focusing on the first pair, the top-left grid might be around 11x11, showcasing a yellow T-shape at the top center and a green 4x4 block in the middle. On the right, a small yellow pattern appears in a 3x2 grid framed by black squares at the corners.

**Analyzing image pairs**

I'm inspecting a snippet where the small grid on the right shows a 3x4 layout. It might represent a yellow pattern, possibly resembling a ""T"". In the left grids, there are various shapes like a green L-shape and yellow blocks. The output grids appear to highlight the bounding boxes of the significant shapes or dominant colors. For instance, the second pair's output is a small green block, indicating it may represent the most prominent color without holes. Let’s keep checking the pairs for consistency in patterns.

**Finalizing grid representation**

I'm calculating the final grid representation and have determined the lines: 

```
0 3 3 3 3  
3 3 0 3 3  
0 3 3 3 0  
```

The top row is considered row 1, while the rule states to capture the minimal bounding box of the first non-black color found. The crafted rule reads: ""The output is the minimal bounding rectangle containing the connected component of the first non-black cell encountered when scanning the input grid from top to bottom."" Now I'll produce the JSON output accordingly, while noting the risks of inaccurate shape recognition.

Rule: Select the colour of the first non-black cell encountered when scanning the grid from top to bottom, left to right; take the entire connected component of that colour and crop the grid to its smallest bounding rectangle, preserving interior blacks. Output this cropped rectangle.",,1,"The Evaluated Rule focuses on selecting the first non-black cell and its connected component, which may not necessarily correspond to the highest shape in the minimal bounding box as specified in the Ground Truth Rule. The two rules describe different processes and outcomes.","Select the colour of the first non-black cell encountered when scanning the grid from top to bottom, left to right; take the entire connected component of that colour and crop the grid to its smallest bounding rectangle, preserving interior blacks. Output this cropped rectangle.",1,Correct - Unintended,2,0
2025-07-24T23:20:26,TopBottom2D,TopBottom2D10,1,medium,0,mismatch,0,"0 0 0 0 0 0 0 0 0 0 0
0 0 0 0 0 0 0 0 0 0 0
0 0 0 0 0 0 0 0 0 0 0
0 0 0 0 0 0 0 0 0 0 0
0 0 0 0 0 0 0 0 0 0 0
0 0 0 0 0 0 0 0 0 0 0
0 0 7 7 7 0 0 0 0 0 0
0 0 7 7 7 0 0 0 0 0 0
0 0 0 0 0 0 0 0 0 0 0
0 0 6 6 6 0 0 0 0 0 0
0 0 6 6 6 0 0 0 0 0 0
0 0 2 2 2 0 0 0 0 0 0
0 0 2 2 2 0 0 0 0 0 0
0 0 1 1 1 0 0 0 0 0 0
0 0 1 1 1 0 0 0 0 0 0
0 0 0 0 0 0 0 0 0 0 0
0 0 0 0 0 0 0 0 0 0 0","**Analyzing grid transformation**

I need to deduce the rule from the image showing two pairs of grids. The left grid features a vertical stack of colored blocks against a black background—maybe a 12x12 grid? I’m thinking the top-left shows a central column with colored stripes: green, red, yellow, blue, each appearing to be 3x3 blocks tall. The arrangement looks narrow, suggesting three cells wide. I want to visualize this clearly since the details matter for understanding the transformation.

**Examining color transformation**

The color order in the grids from top to bottom is green, red, yellow, blue—though there are actually four colors. In the transformed version, the order is inverted: blue now appears on top, followed by red, yellow, and green on the bottom. This suggests a vertical flip of the colored layers. 

In the bottom pair, the original shows a pyramid shape with layers—orange on top, then red, pink, and a large green block at the bottom. The transformed grid reflects this order inversely, with green at the top and orange at the bottom. The widths of these color blocks are also noteworthy; observing the dimensions helps confirm the shapes before and after transformation. So it seems both the order and widths are considered in the transformation.

**Analyzing grid width**

In the second image, I need to evaluate the width of the blue block. Looking closely, it seems to be about 3 cells wide—noticing vertical grid lines and color placement helps. The arrangement shows some black cells before and after the blue, suggesting a width of around 2 to 3 columns. I’m observing that the original grid's colored stripes were 3 columns wide, so it's reasonable to conclude the transformed grid should maintain a similar width. The aim here is to define these dimensions accurately for rule evaluation.

**Computing grid transformation**

I'm computing the transformation for a grid with 17 rows. The original colors are: 1 black, 2 black, 3 blue, 4 blue, 5 red, 6 red, 7 magenta, 8 magenta, followed by various black and orange rows. After applying a vertical flip, the new arrangement appears symmetrical.

Now, I’ll represent the rows as a grid in JSON format, ensuring to trim any trailing spaces. The transformation confirms that the entire grid, not just the colored areas, has been considered for the reflection. Let’s compile the final JSON to represent this.

Rule: Flip the whole grid upside-down (vertical mirror across its horizontal midline).",,0,"The Evaluated Rule specifies flipping the whole grid upside-down, which is not equivalent to reversing the order of contained shapes from top to bottom. The Ground Truth Rule requires a specific transformation of the shapes' order, while the Evaluated Rule describes a different action.",Flip the whole grid upside-down (vertical mirror across its horizontal midline).,1,Incorrect,2,0
2025-07-24T22:49:31,TopBottom2D,TopBottom2D10,2,medium,0,mismatch,0,"0 0 0 0 0 0 0 0 0 0 0 0
0 4 4 4 4 4 4 4 4 4 4 0
0 4 4 4 4 4 4 4 4 4 4 0
0 4 4 4 4 4 4 4 4 4 4 0
0 4 4 4 4 4 4 4 4 4 4 0
0 4 4 4 4 4 4 4 4 4 4 0
0 4 4 4 4 4 4 4 4 4 4 0
0 0 0 3 3 3 3 3 3 0 0 0
0 0 0 3 3 3 3 3 3 0 0 0
0 0 0 3 3 3 3 3 3 0 0 0
0 0 0 3 3 3 3 3 3 0 0 0
0 0 0 0 0 2 2 0 0 0 0 0
0 0 0 0 0 2 2 0 0 0 0 0
0 0 0 0 0 0 0 0 0 0 0 0","**Analyzing color transformations**

I'm considering how to reverse the order of colors, specifically rotating it 180 degrees. Just reversing gives me blue-yellow-red-green going down, but right shows blue-red-yellow-green, which isn't fully a reverse. The left order is G, R, Y, B, and the right is B, R, Y, G. I see that only the top and bottom segments switched places. Now I’m moving to the second pair to examine grid transformations. The left bottom grid has a multi-layered pyramid shape with a big green base and smaller layers above. I'll observe how these transform in the right grid.

**Examining grid transformations**

I'm looking back at the right bottom grid. I see a wide green horizontal row at the top, with a narrower red row below, then a wide magenta rectangle, and a small orange section at the bottom. It seems the top and bottom colors swapped, with green moving up and orange moving down, while red and magenta stayed in the same positions. The original layout featured a decreasing size as I went up. I want to compare widths and ensure everything is symmetrical to see if shapes are inverted in their orientations.

**Analyzing color grids and transformations**

I'm studying a composite image where the top-left has a slender bar of colored squares. In the top-right, the top and bottom seem swapped. So the possible rule could be to swap just the first and last segments while keeping the middle ones in order. In the second pair, I see orange, red, magenta, and green, with the transformation resulting in green at the top and orange at the bottom, while red and magenta switch positions. 

It seems the rule is about swapping the topmost and bottommost segments of colored blocks. Each block has to maintain its original size when swapped. Now, I've got a new grid to consider and need to identify the shapes of the regions to replicate their transformations correctly.

**Deriving grid dimensions**

I'm exploring how to derive the grid dimensions using patterns. It seems that if I look at symmetrical examples and consider differences in margins, I can set the width based on colored layers. I'm asserting the grid width might be the red width plus twice the difference in layers. The top margin's about three rows, while the green area may be four rows tall and five wide. I’ll compute the grid width, perhaps aiming for 13 with margins.

**Calculating grid dimensions**

The difference between the red and green margins seems to be 2. It looks like if we have three layers with a 2-unit margin difference, the yellow margin could be 1, making the red margin 5. If I consider the green margin at 3, I can derive the grid width based on these margins and widths. 

So, after reasoning through the widths, I think the overall grid width is 12, with specific widths for each layer adding up correctly. Heights also make sense, with red at 2, green at 4, and yellow at 6, keeping everything symmetrical.

**Finalizing grid dimensions**

I’m adjusting the grid margins, aiming for a height of 16. After evaluating the margins and confirming a symmetrical setup, I’ve settled on a grid of 14 rows and 12 columns for the layout. The top margin is likely around 2, with 1 at the bottom. 

I’m estimating cell heights based on screenshot dimensions and confirming that grid cell sizes seem plausible. Now, I’ll organize the rows and create the structure, finalizing it as 14 x 12, and prepare to produce the output in JSON format.

Rule: Swap the upper-most and lower-most contiguous coloured layers (keeping each layer’s exact shape and horizontal position; inner layers and background stay unchanged)",,1,"The Evaluated Rule specifies swapping only the upper-most and lower-most contiguous colored layers, while the Ground Truth Rule requires reversing the entire order of contained shapes from top to bottom. This means the Evaluated Rule does not achieve the same transformation as the Ground Truth Rule.",Swap the upper-most and lower-most contiguous coloured layers (keeping each layer’s exact shape and horizontal position; inner layers and background stay unchanged),1,Correct - Intended,2,0
2025-07-24T22:53:40,TopBottom2D,TopBottom2D10,3,medium,0,mismatch,0,"0 0 0 0 0 0 0 0 0 0 0 0
0 0 0 0 0 0 0 0 0 0 0 0
0 0 0 0 4 4 4 4 0 0 0 0
0 0 0 0 4 4 4 4 0 0 0 0
0 0 0 0 1 1 0 0 0 0 0 0
0 0 0 0 1 1 1 0 0 0 0 0
0 0 0 0 0 0 0 0 0 0 0 0
0 0 0 0 0 0 0 0 0 0 0 0
0 0 0 0 0 0 0 0 0 0 0 0
0 0 0 0 0 0 0 0 0 0 0 0
0 0 0 0 0 0 0 0 0 0 0 0
0 0 0 0 0 0 0 0 0 0 0 0
0 0 0 0 0 0 0 0 0 0 0 0
0 0 0 0 0 0 0 0 0 0 0 0","**Analyzing image layout**

In the top-left corner, I can see some colored bars that might be centered vertically, but it’s hard to judge because of the large grid. I notice a black top border that seems to last for about 3-4 rows before a green bar appears. Below that, I see blue colors filling more space. After a vertical flip, the colored stack should be centered, but there might be some discrepancies in the layout. I’ll need to keep examining!

**Visualizing grid configurations**

Let’s think about the grid, assuming it's 14 rows tall. The colored bars are in rows 2-5, and after flipping, they move to rows 9-12, keeping the bar order but reversing their orientation. So, I’ll apply this flip to the second image's grid to create the output. 

I need to remember the color IDs: black is 0, blue is 1, and so on. The second image seems to have a blue rectangle of 2 rows and 3 columns, possibly forming a 'T' shape. I need to work on capturing this structure accurately!

**Establishing grid dimensions**

In the target grid, I’m planning to flip the rows to create the final representation. For instance, Row 7 has yellow cells from columns 2-5, and after flipping, Row 1 will mirror this structure. I’ll note that the original grid seems to have 14 rows and maybe around 12-14 columns. 

It's crucial to confirm dimensions for accuracy, so I’ll approximate cell sizes based on the earlier images. The transformation should maintain the integrity of the grid despite the flipping, so I'll verify each step as I go along!

Rule: Flip the entire grid vertically (up–down reflection of every cell, keeping colours and columns fixed)",,0,"The Evaluated Rule specifies a vertical flip of the entire grid, which does not necessarily reverse the order of contained shapes from top to bottom as required by the Ground Truth Rule. The two transformations are not equivalent.","Flip the entire grid vertically (up–down reflection of every cell, keeping colours and columns fixed)",1,Incorrect,2,0
2025-07-24T23:18:22,TopBottom2D,TopBottom2D2,1,medium,0,mismatch,0,"7 7 7
7 7 7
7 7 7
7 7 7","**Investigating grid shapes**

I'm considering how to compress both axes by using a single color or unifying vertical and horizontal color schemes. For the second grid pair, there’s a larger grid, possibly 6x6, with distinct shapes: an orange L-shape and a yellow T-shape. The smaller grid might be 4x4, showing a yellow block and a black block.

As I inspect the right grid further, it appears to have dimensions that could be 3x3 based on what’s displayed. I need to ensure I’m interpreting the arrangements correctly.

**Analyzing grid structures**

I’m examining the provided screenshot, which has vertical segments. For the second pair, the right grid appears to have 3 rows and possibly 2 columns. The first row shows two yellow squares, while the second has a black square and a yellow square on the right. I want to clarify about the third row; it might be empty.

Moving to the third pair, the left grid features blue and burgundy shapes, while the right grid seems to be a 3x3 format with a burgundy row on top and a black square in the center of the second row. I need to verify these details.

**Establishing grid rules**

Now I'm summarizing the task of defining a rule for creating a smaller grid based on the original larger grid's colored objects. For the first pair, the left grid has a red rectangle and a green T-shape, but the output only contains the green cells, indicating that it selects the color with a higher count. However, both colors have equal counts.

For the second pair, the left grid has an orange and yellow shape, but the output shows yellow and black cells. The yellow seems to be the selected color since it's located lower in the grid. For the third pair, it follows the rule of selecting the bottommost colored shape, which matches the outcome.

Rule: Select the non-background object that reaches the lowest row. Delete all other colors and crop the image to this object’s tight bounding box, keeping any internal black squares unchanged.",,1,"The Evaluated Rule specifies selecting the non-background object that reaches the lowest row, which may not necessarily correspond to the lowest shape in a minimal bounding box as stated in the Ground Truth Rule. Additionally, the Evaluated Rule includes steps to delete other colors and crop the image, which introduces a different process than simply producing the lowest shape.","Select the non-background object that reaches the lowest row. Delete all other colors and crop the image to this object’s tight bounding box, keeping any internal black squares unchanged.",1,Correct - Intended,2,0
2025-07-24T22:43:38,TopBottom2D,TopBottom2D2,2,medium,1,,0,"8
8
8","**Analyzing image transformations**

I’m looking at the images, focusing on the input grids and their corresponding outputs. I can see there are 10 colors, including black, blue, red, and more. The first input grid is large, possibly 10x10, while the output is smaller, around 5x3, suggesting a size reduction like cropping. I’m visualizing the top-left grid, noting a mostly black background, with a horizontal red bar and a green continuation that forms an inverted T shape. This mapping between inputs and outputs is intriguing!

**Examining shapes and colors in grids**

I’m analyzing the shapes and colors in the grids. The first one appears like a T-shape with a red bar on top and a green bar below. The output is a thin grid, mostly green at the top row, while the second output seems to focus on the yellow and black. The next grid has a large input with a cyan vertical bar and maroon squares at the bottom. The output grids seem to extract specific colors or shapes, possibly unifying those with the largest contiguous areas. I'll dive deeper into each pair for clarity!

**Analyzing the second image grid**

In the second image, I noticed a vertical cyan bar starting from row three, about three cells high. The grid is tall and slender, with rows containing black and red. To deduce the color mapping, I focus on the cyan pixels on the lowest row since it touches the bottommost area. The selected color is cyan, forming a vertical line in the central column. Thus, for representation, I’m creating a grid using color indices, with the bounding rectangle showing as:

8  
8  
8  

This reflects the shape of the cyan pixels across three rows.

**Creating grid representation and JSON**

I need to produce a grid representation with indices separated by spaces. For a 3x1 grid, the representation would be:

8  
8  
8  

Next, I'll create a compact JSON object. The rule states to select the color that appears in the lowest row and output the minimal bounding rectangle containing that color, with black for empty cells. So, the final minified JSON would look like this: 

{""rule"":""Take the colour whose pixels reach the lowest row; output the smallest rectangle that contains all pixels of that colour, with other cells black."",""grid"":""8\n8\n8""} 

Now, let's deliver it!

Rule: Take the colour that has a pixel in the lowest row; crop to the smallest rectangle that contains all pixels of that colour, leaving other cells black.",,1,"The Evaluated Rule specifies taking the color with a pixel in the lowest row, which is not equivalent to producing the lowest shape in a minimal bounding box. The focus on color and cropping to a rectangle containing that color does not align with the Ground Truth Rule's requirement of identifying the lowest shape.","Take the colour that has a pixel in the lowest row; crop to the smallest rectangle that contains all pixels of that colour, leaving other cells black.",1,Correct - Intended,2,0
2025-07-24T22:43:32,TopBottom2D,TopBottom2D2,3,medium,0,mismatch,0,"6 6 6 6 6 6 6 6 6
6 6 6 6 6 6 6 6 6
6 6 6 6 6 6 6 6 6
6 6 6 6 6 6 6 6 6
6 6 6 6 6 6 6 6 6","**Analyzing grid transformations**

I see that the grid is three rows tall, so I'm thinking about extracting one colored shape from the left grid. Maybe I'll focus on the green shape because it has the least black neighbors—or does it? 

For the second example, I'm looking closely at the left grid in the middle. I notice an orange bar on the top rows, possibly running horizontally across row two. I need to break down the structure to understand it better and see the sequence of colors more clearly.

**Examining shape outputs**

I’m analyzing a right side middle small grid that appears to be composed of yellow blocks, potentially forming an L shape. The output in the second example shows a yellow shape instead of orange, which suggests that they prefer the second color in the grid. 

Moving to the third example, the left bottom grid has cyan and maroon shapes, and the output shows a maroon shape around a black center. The color seems to correspond to brown in my list. So, it looks like the output consistently chooses the lower-positioned shape in the grid.

**Identifying shape extraction rules**

In the third example, I see a cyan shape at the mid-level and a brown shape at the bottom. It seems the output prefers the brown shape, indicating a rule where I extract the lowest colored shape or the one touching the bottom.

I need to verify if that means the shape's bottom edge aligns with the grid's base. In examples where the green shape doesn't reach the bottom but the yellow does, it's essential to analyze their positions accurately. The brown shape also appears to touch the grid's base, making it a valid candidate. 

I think the process is to isolate the shape that has the lowest topmost row and crop it properly, ensuring the bounding box includes all necessary pixels.

Rule: Select the coloured component whose lowest pixel is furthest down the grid, then crop to the minimal bounding rectangle that contains that component (keeping any internal black cells)",,1,"The Evaluated Rule specifies selecting the component whose lowest pixel is furthest down the grid, which may not necessarily correspond to the lowest shape in a minimal bounding box. This introduces a potential discrepancy in the transformation functionality compared to the Ground Truth Rule.","Select the coloured component whose lowest pixel is furthest down the grid, then crop to the minimal bounding rectangle that contains that component (keeping any internal black cells)",1,Correct - Intended,2,0
2025-07-24T22:51:27,TopBottom2D,TopBottom2D3,1,medium,0,mismatch,0,"0 0 0 0 0 0 0 0 0 0 0 0 0 0 0 0 0
0 0 2 2 2 2 2 2 2 2 2 2 2 2 2 0 0
0 0 5 5 5 5 5 5 5 5 5 5 5 5 5 0 0
0 0 5 5 5 5 5 5 5 5 5 5 5 5 5 0 0
0 0 5 5 5 5 5 5 5 5 5 5 5 5 5 0 0
0 0 5 5 5 5 5 5 5 5 5 5 5 5 5 0 0
0 0 5 5 5 5 5 5 5 5 5 5 5 5 5 0 0
0 0 5 5 5 5 5 5 5 5 5 5 5 5 5 0 0
0 0 5 5 5 5 5 5 5 5 5 5 5 5 5 0 0
0 0 5 5 5 5 5 5 5 5 5 5 5 5 5 0 0
0 0 5 5 5 5 5 5 5 5 5 5 5 5 5 0 0
0 0 5 5 5 5 5 5 5 5 5 5 5 5 5 0 0
0 0 5 5 5 5 5 5 5 5 5 5 5 5 5 0 0
0 0 5 5 5 5 5 5 5 5 5 5 5 5 5 0 0
0 0 5 5 5 5 5 5 5 5 5 5 5 5 5 0 0
0 0 0 0 0 0 0 0 0 0 0 0 0 0 0 0 0
0 0 0 0 0 0 0 0 0 0 0 0 0 0 0 0 0","**Analyzing transformation rules**

I'm looking at how to analyze transformation rules between image pairs. In the first example, we have a yellow rectangle on a black background, and it looks like a red band was added on top. I’m considering their dimensions and observing that it resembles the German flag. The transformation might be adding a red strip of the same width right above the yellow rectangle, effectively filling the top row. Now, it’s time to check the second pair for further specifics.

**Analyzing the next transformation**

On the right grid, I see a red row inserted above an orange rectangle. It seems like the original rectangle was positioned in a certain row before the changes. By observing the second grid, I notice that the top rows remain black, and the red appears solely above the orange strip, which has the same width. 

I conclude that the transformation rule is to add a red strip on top of each colored region or recolor any existing black row above it to red. Now, I'll check the third example with a mountain shape, estimating its dimensions.

**Analyzing grid dimensions and colors**

I’m examining the transformation rule for the mountain shape and its surrounding rows. The row above may contain cells over some colored columns if the mountain heights vary. The output shows red cells only above the highest green cells, which leads me to explore the dimensions of the grids more closely. 

For the second grid, it looks like a 10x10 square with a central grey area of 6x6, surrounded by a 2-cell black border. This context helps me finalize the color mapping for each cell.

**Producing final grid representation**

I’m determining the grid size and what colors to apply based on the previous analysis. The final configuration will be a 17x17 grid, with defined color codes. The top two rows will be black, row three will contain red, and rows four through 14 will be grey, followed by two more black rows.

I’ll structure the grid with numbers separated by spaces, aligning everything properly. Then, I’ll craft a JSON object to summarize the transformation rule and the grid output as a multiline string. Let's compile that now.

Rule: Recolour every black cell that sits immediately above a non-black cell to red (2), leaving all other cells unchanged.",,0,"The Evaluated Rule specifies recoloring black cells above non-black cells to red, which does not guarantee that the entire top horizontal line of the contained shape is colored red as required by the Ground Truth Rule. The transformation is not equivalent.","Recolour every black cell that sits immediately above a non-black cell to red (2), leaving all other cells unchanged.",1,Incorrect,2,0
2025-07-24T22:43:28,TopBottom2D,TopBottom2D3,2,medium,0,mismatch,0,"0 0 0 0 0 0 0
0 0 0 0 0 0 0
0 0 2 2 2 0 0
0 0 3 3 3 0 0
0 0 3 3 3 0 0
0 0 3 3 3 0 0
0 0 3 3 3 0 0
0 0 3 3 3 0 0
0 0 3 3 3 0 0
0 0 3 3 3 0 0
0 0 3 3 3 0 0
0 0 3 3 3 0 0
0 0 0 0 0 0 0
0 0 0 0 0 0 0
0 0 0 0 0 0 0","**Analyzing triangular cell patterns**

I'm considering a triangle where the base is about 9 cells wide and the top is just 1 cell. In each column that has a green cell, I need to identify the highest green cell. I think the cells directly above the highest green cell might be black, and I’m wondering if I should color those red. This would create vertical red stripes, but because of the triangle's shape, the heights would vary, forming a non-contiguous pattern. I’m seeing only a horizontal line of red cells in my example.

**Investigating red cell patterns**

I’m wondering if there could actually be more red cells that just appear smaller due to image scaling. In the bottom row of the right pair, the green triangle shape matches the left. There’s a small red patch at the apex, suggesting maybe the rule is to add red at the topmost point. However, it doesn’t seem consistent with earlier examples where the red stripe was above the entire region. 

Let’s clarify: should I color above the bounding box of the colored region where it’s rectangular? In the examples, the bounding boxes appear larger than their colored areas. Maybe if the row above the bounding box matches its width, I’d get more than just three red cells. Another option could be to design it like a flag, with yellow or orange at the base and red above. I need to look into the specifics and replicate the image features.

**Determining grid dimensions**

I’m evaluating typical ARC tasks that use a grid format ranging from 30x30, with a black background. The second image seems to be a tall rectangle, possibly a grid of 14 rows by 9 columns. I noticed the width and height ratio is about 0.468, meaning the height is approximately twice the width. When considering square cells, the grid might consist of around 7 columns by 15 rows, but it could also be 9 columns by 19 rows based on calculations. The green column width appears to be around 4 cells, so I’ll check the dimensions further to confirm symmetry and details in the images.

Rule: For every column, if the topmost non-black cell is some colour, turn the black cell immediately above it red (leaving all other cells unchanged).",,0,"The Evaluated Rule specifies turning the black cell above the topmost non-black cell red, which does not guarantee that the entire top horizontal line of the contained shape is colored red as required by the Ground Truth Rule. The two rules do not achieve the same outcome.","For every column, if the topmost non-black cell is some colour, turn the black cell immediately above it red (leaving all other cells unchanged).",1,Incorrect,2,0
2025-07-24T22:47:51,TopBottom2D,TopBottom2D3,3,medium,0,mismatch,0,"0 0 0 0 0 0 0 0 0 0 0 0 0 0 0 0 0 0 0 0 0 0
0 0 0 0 0 0 0 0 0 0 0 0 0 0 0 0 0 0 0 0 0 0
0 0 0 0 0 0 0 0 2 2 2 2 2 2 2 0 0 0 0 0 0 0
0 0 0 0 0 0 0 0 1 1 1 1 1 1 1 0 0 0 0 0 0 0
0 0 0 0 0 0 0 0 0 0 0 1 0 0 0 0 0 0 0 0 0 0
0 0 0 0 0 0 0 0 0 0 0 0 0 0 0 0 0 0 0 0 0 0
0 0 0 0 0 0 0 0 0 0 0 0 0 0 0 0 0 0 0 0 0 0
0 0 0 0 0 0 0 0 0 0 0 0 0 0 0 0 0 0 0 0 0 0
0 0 0 0 0 0 0 0 0 0 0 0 0 0 0 0 0 0 0 0 0 0","**Analyzing Color Pairs**

I'm looking to infer rules from the first composite image, which has three pairs showing left inputs and right outputs. The background is black, while the first pair features a yellow shape, the second an orange, and the third a green. In the output of the first pair, it seems we're adding a red row above the yellow rectangle. The left grid likely has a small 3x2 yellow rectangle, and the transformation involves adding a stripe on top, creating a flag-like appearance.

**Examining Color Transformations**

In the second pair, the left input shows a wide orange bar, and the output adds a red row of the same width above it, possibly with an extra black stripe. The third pair has a green mountain shape, and the output places a red block directly above the highest green part, creating a cap-like effect. It looks like the rule is to extend each non-black shape one row upward with red, filling only where there's black above to create a layered effect.

Rule: For each column, find the highest non-black cell and colour the cell immediately above it red (if the grid boundary allows).",,0,"The Evaluated Rule specifies coloring the cell immediately above the highest non-black cell in each column, which does not guarantee that the entire top horizontal line of the contained shape is colored red as required by the Ground Truth Rule. The two rules do not achieve the same outcome.","For each column, find the highest non-black cell and colour the cell immediately above it red (if the grid boundary allows).",1,Incorrect,2,0
2025-07-24T22:52:36,TopBottom2D,TopBottom2D4,1,medium,0,mismatch,0,"0 0 0 0 0 0 0 0 0 0 0 0 0 0 0 0 0 0 0 0
0 0 0 0 0 0 0 0 0 0 0 0 0 0 0 0 0 0 0 0
0 0 0 0 0 0 0 0 0 0 0 0 0 0 0 0 0 0 0 0
0 0 0 0 0 0 0 0 0 0 0 0 0 0 0 0 0 0 0 0
0 0 0 0 0 0 0 0 0 0 0 0 0 0 0 0 0 0 0 0
0 0 0 0 0 0 1 1 1 1 1 1 1 1 0 0 0 0 0 0
0 0 0 0 0 0 1 1 1 1 1 1 1 1 0 0 0 0 0 0
0 0 0 0 0 0 1 1 1 1 1 1 1 1 0 0 0 0 0 0
0 0 0 0 0 0 1 1 1 1 1 1 1 1 0 0 0 0 0 0
0 0 0 0 0 0 1 1 1 1 1 1 1 1 0 0 0 0 0 0
0 0 0 0 0 0 1 1 1 1 1 1 1 1 0 0 0 0 0 0
0 0 0 0 0 0 0 0 0 0 0 0 0 0 0 0 0 0 0 0
0 0 0 0 0 0 0 0 4 4 4 0 0 0 0 0 0 0 0 0
0 0 0 0 0 0 0 0 4 4 4 0 0 0 0 0 0 0 0 0
0 0 0 0 0 0 0 0 0 0 0 0 0 0 0 0 0 0 0 0
0 0 0 0 0 0 0 0 0 0 0 0 0 0 0 0 0 0 0 0
0 0 0 0 0 0 0 0 0 0 0 0 0 0 0 0 0 0 0 0
0 0 0 0 0 0 0 0 0 0 0 0 0 0 0 0 0 0 0 0
0 0 0 0 0 0 0 0 0 0 0 0 0 0 0 0 0 0 0 0
0 0 0 0 0 0 0 0 0 0 0 0 0 0 0 0 0 0 0 0
0 0 0 0 0 0 0 0 0 0 0 0 0 0 0 0 0 0 0 0
0 0 0 0 0 0 0 0 0 0 0 0 0 0 0 0 0 0 0 0","**Analyzing image patterns**

I need to deduce a rule from the first image that features three pairs. It seems to involve colored patterns, and the transformed version might be cropping or grouping shapes. Focusing on the first pair, I'm seeing a black background with potentially a 14x14 grid. There are three colored groups in a column: green on top, yellow in the middle, and orange at the bottom. The transformed grid shows only the yellow block from the original.

**Evaluating colored blocks**

I'm examining the transformation by determining which colored block is selected. The sizes vary: the green block appears to be 2x3, the yellow block might be 3x3 or rectangular, while the orange is likely 2x. It seems the yellow square is chosen, and I’m thinking of a traffic light arrangement with green on top, then yellow, and orange below. 

For the second pair, there’s a vertical stack of colored bars resembling popsicles, with a small blue bar atop an orange one, then cyan, magenta, gray, and green. The transformation on the right shows only magenta and gray, but I’m seeing that the orange bar remains unchanged.

**Constructing the final grid**

I'm revisiting the second image to ensure I accurately compute dimensions for each colored block. The top row of blue cells appears to have a symmetrical width of 8, while the yellow block looks to be around 3 cells wide, possibly located across columns 8, 9, and 10. With a grid width of 20, I determine the configuration for the colored blocks and their respective placements. 

Finally, I will construct a 22x20 grid, mapping the blue and yellow sections while defining each row based on the colors represented by indices.

Rule: Delete the highest and lowest coloured components in the grid (the first and last contiguous non-black groups when scanning from top to bottom); keep the rest unchanged.",,1,"The Evaluated Rule effectively removes the highest and lowest colored components from the grid, which aligns with the Ground Truth Rule's requirement to remove shapes at the very top and bottom of the grid. Both rules aim to achieve a similar transformation by eliminating the outermost non-black groups.",Delete the highest and lowest coloured components in the grid (the first and last contiguous non-black groups when scanning from top to bottom); keep the rest unchanged.,1,Correct - Intended,2,0
2025-07-24T22:45:54,TopBottom2D,TopBottom2D4,2,medium,0,mismatch,0,"0 0 0 0 0 0 0 0 0 0 0
0 0 0 0 0 0 0 0 0 0 0
0 0 0 0 0 0 0 0 0 0 0
0 0 0 0 0 0 0 0 0 0 0
0 0 0 0 0 0 0 0 0 0 0
0 0 0 0 0 0 0 0 0 0 0
0 0 0 0 0 0 0 0 0 0 0
0 0 0 3 3 3 3 3 0 0 0
0 0 0 3 3 3 3 3 0 0 0
0 0 0 3 3 3 3 3 0 0 0
0 0 0 3 3 3 3 3 0 0 0
0 0 0 0 0 0 0 0 0 0 0
0 0 0 6 6 6 6 6 0 0 0
0 0 0 6 6 6 6 6 0 0 0
0 0 0 6 6 6 6 6 0 0 0
0 0 0 6 6 6 6 6 0 0 0
0 0 0 0 0 0 0 0 0 0 0
0 0 0 0 0 0 0 0 0 0 0
0 0 0 0 0 0 0 0 0 0 0
0 0 0 0 0 0 0 0 0 0 0
0 0 0 0 0 0 0 0 0 0 0
0 0 0 0 0 0 0 0 0 0 0","**Inferring color rules**

I need to establish a color mapping based on the indices provided: black as 0, blue as 1, red as 2, green as 3, yellow as 4, gray as 5, magenta as 6, orange as 7, cyan as 8, and brown as 9. I see three training pairs from the first image and will describe the initial grid. The grid features many black squares with a vertical stack of colors, including a topmost row of five green squares near the top left.

**Analyzing output and rules**

I noticed there are colored bars in the output: orange, cyan, magenta, and gray, while the blue and green segments have been removed. It seems like the rule is to eliminate smaller segments, particularly those with just one row or small width. For the third pair, the output keeps only the largest components from the input grid. In the first pair, yellow is the largest segment, while in the second pair, orange seems bigger compared to the others. Let's dig deeper into the sizes for clarity!

**Inspecting color arrangements**

I need to closely analyze the screenshot, especially the second pair. It seems the magenta area appears larger than the orange, but the output includes multiple components. The orange and magenta both have widths around 14, with magenta being taller. The rule appears to be removing the smallest components while keeping the larger ones. Essentially, I'm removing the topmost and bottommost colored shapes in the stack, leaving the middle shapes. Now, I'll apply this rule to identify the colored shapes in the target grid. Let's break that down!

**Finalizing grid structure**

I’m setting the width for the green and magenta rectangles to 5, which feels symmetrical. For the grid width of 11, I'll place the green rectangle between rows 7-10 and columns 3-7. The magenta rectangle will occupy rows 12-15 in the same columns. 

I'll create the grid row by row, ensuring I have 22 total rows. The output for the green and magenta rectangles looks good, so now I’ll compile the final grid string and confirm row counts for accuracy before finalizing!

Rule: Remove the top-most and bottom-most coloured components; leave every middle component unchanged.",,1,"The Evaluated Rule effectively captures the essence of the Ground Truth Rule by removing the top-most and bottom-most components while leaving the middle components unchanged, which aligns with the requirement to reproduce the grid without the shapes at the very top and bottom.",Remove the top-most and bottom-most coloured components; leave every middle component unchanged.,1,Correct - Intended,2,0
2025-07-24T22:48:55,TopBottom2D,TopBottom2D4,3,medium,0,mismatch,0,"0 0 0 0 0 0 0 0 0 0 0 0
0 0 0 0 0 0 0 0 0 0 0 0
0 0 0 0 0 0 0 0 0 0 0 0
0 0 0 0 0 0 0 0 0 0 0 0
0 0 0 3 3 3 3 3 3 0 0 0
0 0 0 0 0 3 0 0 0 0 0 0
0 0 0 0 0 3 0 0 0 0 0 0
0 0 0 0 0 3 0 0 0 0 0 0
0 0 0 0 0 3 0 0 0 0 0 0
0 0 0 0 0 0 0 0 0 0 0 0
0 0 0 0 0 0 0 0 0 0 0 0
0 0 0 0 0 0 0 0 0 0 0 0
0 0 0 0 0 0 0 0 0 0 0 0
0 0 0 0 0 0 0 0 0 0 0 0
0 0 0 0 0 0 0 0 0 0 0 0
0 0 0 0 0 0 0 0 0 0 0 0
0 0 0 0 0 0 0 0 0 0 0 0
0 0 0 0 0 0 0 0 0 0 0 0
0 0 0 0 0 0 0 0 0 0 0 0
0 0 0 0 0 0 0 0 0 0 0 0
0 0 0 0 0 0 0 0 0 0 0 0
0 0 0 0 0 0 0 0 0 0 0 0
0 0 0 0 0 0 0 0 0 0 0 0
0 0 0 0 0 0 0 0 0 0 0 0","**Analyzing Image Transformation**

I need to inspect the first image, which shows three pairs of grids: the left is the original and the right is transformed. My task is to deduce the transformation rule to apply it to the second image. The color mapping includes colors like black, blue, red, and others. In the first image, the left grid appears as a vertical column of colored blocks, with green at the top, yellow in the middle, and orange at the bottom. The transformation removes other colors, possibly leaving the dominant yellow. Let's explore this further.

**Examining Transformations in Grids**

Now let's inspect the second pair of grids. The left grid features a vertical totem with a blue piece at the top, followed by an orange horizontal bar, a cyan vertical bar, a magenta rectangle, a gray block, and a green block at the bottom. In the transformed version, the blue and green pieces are removed, while the orange, cyan, magenta, and gray remain.

For the third pair, the left grid presents a brown cross shape, a red T shape at the top, and a yellow T shape at the bottom. The transformation retains the brown cross while removing the red and yellow sections, suggesting a pattern of removing segments attached to the edges.

**Defining the Transformation Rule**

The rule seems to be about removing the extremities of a structured vertical arrangement while keeping the central parts. For example, if we have three segments like green, yellow, and orange, we remove the first (green) and last (orange), leaving just the yellow, which matches the transformation.

In another case with six segments, removing the edge pieces (blue and green) leaves the middle four, and this matches what we see on the right grid. It appears that the aim is to preserve segments closest to the center or those that don’t touch the edges of the grid, keeping the connected components that are most central.

Rule: Remove every connected component that touches the topmost or bottommost row of the grid, leaving all other cells unchanged.",,0,"The Evaluated Rule removes every connected component that touches the topmost or bottommost row, which is broader than the Ground Truth Rule that only specifies removing shapes at the very top and bottom of the grid without considering connected components. This introduces a difference in the transformation functionality.","Remove every connected component that touches the topmost or bottommost row of the grid, leaving all other cells unchanged.",1,Incorrect,2,0
2025-07-24T23:39:06,TopBottom2D,TopBottom2D5,1,medium,0,mismatch,0,"0 0 0 0 0 0 0 0 0 0 0 0 0 0 0
0 0 0 0 0 0 0 0 0 0 0 0 0 0 0
0 0 0 0 0 0 0 0 0 0 0 0 0 0 0
0 0 0 0 0 0 0 0 0 0 0 0 0 0 0
0 0 0 0 0 0 0 0 0 0 0 0 0 0 0
0 0 0 0 0 0 0 0 0 0 0 0 0 0 0
0 0 0 0 0 0 0 0 0 0 0 0 0 0 0
0 0 0 0 0 0 0 0 0 0 0 0 0 0 0
0 0 0 0 0 0 0 0 0 0 0 0 0 0 0
0 0 0 0 0 0 0 0 0 0 0 0 0 0 0
0 0 0 0 0 0 0 0 0 0 8 0 0 0 0
0 0 0 0 0 0 0 0 0 0 8 0 0 0 0
0 0 0 0 0 0 0 0 0 0 8 0 0 0 0
0 0 0 0 0 0 0 0 0 0 8 0 0 0 0
0 0 0 0 0 0 0 0 0 0 8 0 0 0 0","**Examining shape transformation**

I need to identify the transformation by closely inspecting the first image. It shows three pairs: the left grid and the right transformed grid. Focusing on the top-left panel, I see a blue 'U' shape and possibly a red variant below it. The grid has a black background, with the blue piece appearing to resemble a rotated 'L' shape. I estimate the grid size could be around 16x16, noticing the blue squares at row 1, columns 2 to 4. Let's replicate this analysis carefully!

**Analyzing the blue shape**

I'm examining the blue shape in the image. In row 1, there seems to be nothing, but in row 2, I spot blue squares at columns 2, 3, and 4. The shape resembles a 'U,' typically formed by five squares, yet here it appears as three horizontal squares with a base. In the second pair, I notice a magenta 'U' shape with a transformation on the right grid where a section is replaced by black. 

In the analysis of pairs, the left grid shows a variety of shapes, while the right only presents the magenta shape. I'll look more closely and clarify!

**Analyzing shapes and transformations**

I'm trying to confirm details about the shapes, starting with the bottom pair in the grid. The yellow ring appears in the top-left and the green in the bottom-left. My rule is to keep the shape with the highest y-coordinate, but I also need to ensure it’s not just the bottom-most but perhaps the rightmost as well. 

In the second pair, I notice the red shape at the bottom right, and the light blue shape in the bottom-left wasn’t chosen. I’ve confirmed that the red is indeed the bottom-most. For the third pair, it seems the green shape extends lower than the cyan shape. 

Now, I’ll identify the shapes in the second image, which show vertical lines of colors. I’ll find the lowest row for each shape and determine that the cyan shape is the bottom-most overall. Finally, I'll describe the indices for the final grid that contains only the cyan vertical line. Time to compute!

Rule: Keep only the shape whose lowest filled cell is furthest down in the grid; erase every other coloured cell.",,1,"The Evaluated Rule specifies keeping the shape whose lowest filled cell is furthest down, which may not necessarily align with the Ground Truth Rule's requirement to keep only the lowest contained shape. The two rules do not describe the same transformation functionality.",Keep only the shape whose lowest filled cell is furthest down in the grid; erase every other coloured cell.,1,Correct - Intended,2,0
2025-07-24T22:50:14,TopBottom2D,TopBottom2D5,2,medium,0,mismatch,0,"0 0 0 0 0 0 0 0 0 0 0 0 0 0 0 0 0 0 0 0
0 0 0 0 0 0 0 0 0 0 0 0 0 0 0 0 0 0 0 0
0 0 0 0 0 0 0 0 0 0 0 0 0 0 0 0 0 0 0 0
0 0 0 0 0 0 0 0 0 0 0 0 0 0 0 0 0 0 0 0
0 0 0 0 0 0 0 0 0 0 0 0 0 0 0 0 0 0 0 0
0 0 0 0 0 0 0 0 0 0 0 0 0 0 0 0 0 0 0 0
0 0 0 0 0 0 0 0 0 0 0 0 0 0 0 0 0 0 0 0
0 0 0 0 0 0 0 0 0 0 0 0 0 0 0 0 0 0 0 0
0 0 0 0 0 0 0 0 0 0 0 0 0 0 0 0 0 0 0 0
0 0 0 0 0 0 0 0 0 0 0 0 0 0 0 0 0 0 0 0
0 0 0 0 0 0 0 0 0 0 0 0 0 0 0 0 0 0 0 0
0 0 0 0 0 0 0 0 0 0 0 0 0 0 0 0 0 0 0 0
0 0 0 0 0 0 0 0 0 0 0 0 0 0 0 0 0 0 0 0
0 0 0 0 0 0 0 0 0 0 0 0 0 0 0 0 0 0 0 0
0 0 0 0 0 0 0 0 0 0 0 0 0 0 0 0 0 0 0 0
4 0 0 0 0 0 0 0 0 0 0 0 0 0 0 0 0 0 0 0
4 0 0 0 0 0 0 0 0 0 0 0 0 0 0 0 0 0 0 0
4 4 0 0 0 0 0 0 0 0 0 0 0 0 0 0 0 0 0 0
0 0 0 0 0 0 0 0 0 0 0 0 0 0 0 0 0 0 0 0
0 0 0 0 0 0 0 0 0 0 0 0 0 0 0 0 0 0 0 0","**Analyzing shape properties**

It seems the top-left area displays three shapes: a blue L at the top row, a red L in the middle, and a magenta L below, which are all separated. For the output, it looks like only the magenta shape is visible, suggesting a rule that perhaps involves selecting shapes based on specific properties. In the second row, I’m noticing a green L, orange L, cyan L, and red L—yet the output shows only the red shape.

**Reviewing shape training outputs**

For the second training input, I noticed a green shape at the top-left, an orange at the top right, a cyan in the middle, and a red shape at the bottom. The output only displayed the red shape. In the third training sample, the input showed various ring shapes, while the output only included the green shape. I also need to examine the details more closely to determine if the rule involves keeping frequent shapes or unique orientations. I'll carefully analyze the pixel coordinates from the screenshot to get precise details.

**Identifying bottommost shapes**

I need to determine the bottommost shape in the grid. If multiple shapes have cells in the same bottom row, I might consider choosing the leftmost or rightmost, but the training didn’t address tie-breaking. It’s possible they choose based on pixels furthest from the origin, but I can't confirm that. I noticed a vertical stack of yellow squares in the bottom-left area, some sections are potentially connected. My goal is to isolate and replicate the grid with only the bottommost shape highlighted. Let's examine the layout closely.

**Determining bottommost shapes**

I'm trying to find the bottommost pixel among all shapes and need to establish which row that is. Based on my observations, the bottom row could be row 13 or 19, depending on how I interpret the shapes' positioning. I recall seeing a black row at the bottom in the screenshot, indicating that yellow shapes only extend to the second-from-bottom row, confirming row 18 as the last yellow row. 

Now, I’ll generate a 20x20 matrix where vertical yellow blocks are defined in rows 16 to 18 while keeping all other cells black. I want to ensure the grid structure is consistent and correct before finalizing the output.

Rule: Remove every color component except the one whose lowest pixel is closest to the bottom of the grid (i.e., keep the bottom-most connected shape and set all other cells to black).",,1,"The Evaluated Rule captures the essence of the Ground Truth Rule by focusing on retaining the lowest connected shape while removing all other colors. Although it specifies the method of determining the 'lowest pixel' and mentions setting other cells to black, these details do not change the fundamental transformation of keeping only the lowest shape.","Remove every color component except the one whose lowest pixel is closest to the bottom of the grid (i.e., keep the bottom-most connected shape and set all other cells to black).",1,Correct - Intended,2,0
2025-07-24T22:53:12,TopBottom2D,TopBottom2D5,3,medium,0,mismatch,0,"0 0 0 0 0 0 0 0 0 0 0
7 7 7 0 0 0 0 0 0 0 0
7 0 7 0 0 0 0 0 0 0 0
7 7 7 0 0 0 0 0 0 0 0
0 0 0 0 0 0 0 0 0 0 0
0 0 0 0 0 0 0 0 0 0 0
0 0 0 0 0 0 0 0 0 0 0
0 0 0 0 0 0 0 0 0 0 0
0 0 0 0 0 0 0 0 0 0 0
0 0 0 0 0 0 0 0 0 0 0
0 0 0 0 0 0 0 0 0 0 0","**Analyzing shape transformations**

I'm examining the first grid which features colored L-shaped pieces. There’s a blue L-shape at the top left, a red one in the middle, and a magenta one at the bottom. It looks like the output retains only the magenta shape after some transformation. The output is a magenta L-shape on a black background, which suggests that it might be the only shape that meets a specific criterion—perhaps keeping the one with a hole in it. I'm curious about the hollow properties of these shapes!

**Examining shape structures**

In the input, each L-shape seems to have an open center, potentially with a 2x2 cell missing. I think it's beneficial to visualize the image mentally. Each colored L-shape might consist of three cells, but traditionally, an L-shape has four cells with one missing. 

Looking closely at the outputs, the magenta shape remains in the top right, highlighting a black center. The second training pair includes various colors, while the third input shows a yellow square and cyan shape. I’m noting a pattern: it appears that incomplete shapes are removed during the process!

**Interpreting shape selections**

In the bottom left input, I see two hollow squares: a yellow one and a cyan one, each with a black center. There's also a green region at the bottom, but the output only features a green ring. This green ring wasn’t clearly in the input, so I should dig deeper into the input images. 

It seems that the outputs select only one color shape based on certain properties, perhaps the locations of their missing cells. I’m realizing that the rule for selection isn't constant, as I see variations in colors across different inputs. I’m curious about how the internal cavities might influence shape retention!

**Designing the grid**

To replicate shape coordinates, I think we could create a 15 x 15 grid with an orange ring at the bottom-left, perhaps from rows 7 to 11. The ring might get overshadowed by the edges. It seems the red ring has a size of about 4x4, with the outer ring being roughly 5x5. If we maintain this size for the yellow and orange rings too and have about 2 rows of space between them, I can see us needing a grid size of 18 x 18 to fit everything comfortably.

**Examining shape training**

I'm noticing that in the training data, not all shapes are present. I think we can categorize shapes like 'square frames' with different colors inside to help with differentiation. The bottommost ring might have a blue center, but there were earlier training examples with solid colors only. It's interesting that multi-colored objects might change how we perceive them as both colors should be visible in the output.

In testing, only the outer colored ring of an object counts, with the black interior treated as background. Thus, the outer orange ring remains the main object, while any center colors (like blue) are seen as separate. The shapes with red fillings in a 3x3 block seem to be a different category. I’ll need to ensure we clearly define the bottommost objects based on specific criteria.

**Determining grid dimensions**

I'm thinking about the input grid that has L-shaped configurations and colors. It seems the categories are indeed L shapes, particularly focusing on the bottommost rings. I realize there could be different objects, including a 3x3 filled green block or other colored cells. 

So, for the final grid, we need to ensure it has just the outer orange ring, and I’m confirming that a 14x14 size works based on the previous training. It looks like the outer rings might be 3x3 rather than 5x5 as I initially thought. The verification brings me to a conclusion: the final grid dimensions are around 11x11 to accommodate the shapes effectively.

Rule: Identify all distinct color-connected objects (orthogonal connectivity; an object is the set of cells that share the same non-black color and are connected). From these objects keep only the one whose lowest coloured cell is furthest down in the grid (largest row index). Repaint every other coloured cell (those that are not part of this lowest object) black, leaving the grid size and the kept object unchanged.",,1,"The Evaluated Rule specifies keeping the lowest colored cell that is furthest down in the grid, which is a different criterion than simply keeping the lowest contained shape. The Ground Truth Rule focuses on the lowest shape without regard to its position in terms of row index, while the Evaluated Rule introduces a specific positional requirement that alters the intended transformation.","Identify all distinct color-connected objects (orthogonal connectivity; an object is the set of cells that share the same non-black color and are connected). From these objects keep only the one whose lowest coloured cell is furthest down in the grid (largest row index). Repaint every other coloured cell (those that are not part of this lowest object) black, leaving the grid size and the kept object unchanged.",1,Correct - Intended,2,0
2025-07-24T23:18:39,TopBottom2D,TopBottom2D6,1,medium,0,mismatch,0,"6 6
6 6
6 6","**Analyzing puzzle images**

I’m diving into these puzzle images, which seem like a typical ARC challenge. On the left, there are four pairs of input-output grids, and I need to find the rule and apply it to a test grid. The first image shows a composite with training examples. I’ll focus on the first training pair where the left grid has a black background and possibly features a 10x10 pattern of red and yellow squares. Let's break down the details and zoom in on it.

**Analyzing grid patterns**

I’m observing the first training pair more closely. It seems there are red squares forming a T and a yellow shape near the right. The output grid looks like a 4x4 yellow square, with a small 5x5 area in the top right featuring mostly yellow and a central black cross. My hypothesis is that the rule might involve extracting non-black clusters into bounding boxes. 

Moving on to the other training pairs, I notice various patterns and colors, with output grids seeming to represent clusters of specific colors. I'll take a closer look at the details and try to memorize the patterns.

**Investigating training pairs**

In the third training pair, I’m focusing on the S-shaped cyan figure on the left, which has a potential hole in it. It seems like a cluster at the bottom touches the edges of the black grid. I'm wondering if the rule selects shapes that touch at least two edges. Each training pair uses a different color, which could indicate that larger clusters are favored for extraction. 

I’ll analyze the pixel arrangements from the first training pair to better understand these color interactions and see if this holds true across other pairs. It looks like the chosen color for the output might be the largest cluster. I'll verify this observation with the fourth pair too. This could lead me to a clearer rule for how the colors are selected and extracted!

Rule: Select the colour that occupies the most cells, take the minimal rectangle that contains all its cells, and output that rectangle exactly (preserving any black cells within it).",,0,"The Evaluated Rule specifies selecting the color that occupies the most cells and then creating a bounding rectangle around it, which is not equivalent to producing the lowest contained shape in a minimal bounding box as stated in the Ground Truth Rule. The focus on color dominance introduces a different criterion that alters the intended transformation.","Select the colour that occupies the most cells, take the minimal rectangle that contains all its cells, and output that rectangle exactly (preserving any black cells within it).",1,Incorrect,2,0
2025-07-24T22:56:04,TopBottom2D,TopBottom2D6,2,medium,0,parse:rows have unequal length,0,,"**Analyzing puzzle inputs**

It seems like we're working with a puzzle set likely from the Abstraction and Reasoning Corpus. The left side features four grids in various colors, while the right side shows transformed versions of these grids. I'll visualize the first sample closely. The top left grid has a black background, and I notice segments of red that might form a pattern, perhaps resembling a letter. The challenge will be to identify the rule that connects these grids for proper transformation.

**Examining output grids**

On the right side of the top row, there's a small yellow square, maybe 4x4. I want to visualize this further. The entire image features four pairs for analysis. Looking closely at the first pair, the left grid is wider, with red segments forming a pattern in the top-left and a yellow line at the top right. The right grid seems to be around 4x4, but the output might include more details. Let's mentally zoom in on this to check the patterns without needing to see attachments.

**Assessing grid transformations**

I notice a black row at the top and an orange row across the second row. In the output, the small grid shows an orange row in the top with black and cyan below. I start thinking about how the output is a reduced grid defined by a bounding rectangle around the colored cells. In the first pair, it seems the output focuses on yellow rather than red, which is odd because the red shape is larger. For the second pair, I'm analyzing if the orange shape is indeed the largest. I keep evaluating the colors because it's possible I’m not seeing them correctly. It seems that maybe only the yellow has a defined hole, so I need to see if that relates to the transformation rule.

**Analyzing shape borders**

I'm trying to determine which shapes touch the borders. The orange shape clearly touches the left border, but I need to check the cyan cluster. It might touch the top row or the right border. Observing the cyan squares, it seems they touch the top border. So, both shapes might touch a border, but there could be a third shape that doesn’t. I'll look at the size too — I'll select the square shapes based on equal width and height. The yellow ring seems square, while the red one isn’t.

**Evaluating shapes and colors**

I'm analyzing the outputs for each pair of shapes. It seems like I might have a 3x3 cyan square, so I'll stick with that concept. In the third pair, I see a potentially 3x3 green square and a cyan L-shaped ring. For the fourth pair, there are blue and gray squares, but it’s ambiguous which to choose. I need a better view of the grid; I remember specific pixel colors from the screenshots. Since each pair has two non-black colors, I’ll focus on selecting the correct color shape from the grid with green and yellow.

Rule: Unable to determine rule due to insufficient discernible data",,-1,"The evaluated rule states an inability to determine the rule due to insufficient data, which does not provide a clear comparison to the ground truth rule.",Unable to determine rule due to insufficient discernible data,1,Nonresponsive,2,0
2025-07-24T22:54:15,TopBottom2D,TopBottom2D6,3,medium,0,mismatch,0,"2 2 2 2 2 2
0 0 0 0 0 2
0 0 0 0 0 2
0 0 0 0 0 2
0 0 0 0 0 2","**Analyzing grid outputs**

I’m looking at the left grid, which is small (around 6x6), containing an orange L-shape at the top row, along with a cyan patch and black. The right grid shows a 3-row setup with an orange top row and black on the bottom. I want to inspect the bounding rectangles around each color cluster in the left grid. This could involve cropping the bounding boxes for color clusters while excluding the black background. Let's clarify this further.

**Analyzing pair3**

I’m examining pair3, where the left grid has a large cyan 'L' shape with a green square cluster inside and possibly some black. The right grid shows a small cyan cluster, along with a black cell at the top middle, which might be the bounding box of intersecting shapes. I'm analyzing a 3x3 grid, but it's tricky. The outputs seem smaller, likely cropped to fit the minimal bounding box of the colored areas, excluding black. I need to consider the choice of the main shape for output and whether it has any holes.

**Exploring shape selection rules**

I’m hypothesizing that, among colored shapes, I need to choose either the shape that appears exactly once across transformations or the one with the lowest color index. In different tasks, colors vary purposefully, like red and yellow or orange and cyan. I see a pattern; for each grid, the color chosen seems to be the one appearing the least. I wonder if I can analyze the second image under different conditions to figure out a consistent rule for transformation and shape selection. Let's gather more details.

Rule: Select the object that forms an L-shape which touches two perpendicular borders of the original grid (i.e., it sits in a corner). Output the minimal bounding rectangle that contains all of that object’s cells; keep the object’s colours and fill everything else inside the rectangle with black.",,0,"The Evaluated Rule specifies selecting an L-shape that touches two perpendicular borders, which is a specific case and does not encompass the broader requirement of producing the lowest contained shape in a minimal bounding box as stated in the Ground Truth Rule. Therefore, it does not fulfill the same transformation functionality.","Select the object that forms an L-shape which touches two perpendicular borders of the original grid (i.e., it sits in a corner). Output the minimal bounding rectangle that contains all of that object’s cells; keep the object’s colours and fill everything else inside the rectangle with black.",1,Incorrect,2,0
2025-07-24T22:42:52,TopBottom2D,TopBottom2D7,1,medium,0,mismatch,0,3 3 3 3,"**Analyzing transformation rules**

I need to figure out a transformation rule from the first image showing five pairs of grids. The left side has original grids, while the right has the transformed ones—maybe smaller in width. It looks like the right grids only include non-black rows or columns, suggesting cropping. For the first pair, the left grid seems about 10 units wide and possibly 6 high. The top row appears fully blue, leading to questions about the pixel colors there.

**Decoding grid transformations**

The screenshot shows a row of blue squares—about eight—with a black cell following. Below it are mostly black squares, but maybe a green horizontal line appears in the third row. Analyzing the first right grid, it appears to only contain that blue row on a white background. So, it seems the rule is to extract the longest horizontal colored segment.  

For the second pair, I see two colored elements: a green cell in the second row and a blue line in the middle. The right grid shows both green and blue segments, but I need to zoom in for details on these positions and segments.

**Investigating transformation rules further**

In pair 2, there’s a single green cell in the second row, possibly below an all-black top row. The left grid has a horizontal blue line appearing later. The right grid might show both, but I need to check again. The second right grid has green squares for the first four cells, but I think only the blue line shows up overall. 

In the left grid, there’s a green cell and a wider blue line down the third row. The transformation rule may involve prioritizing which colored row appears first. I'll systematically analyze each pair for clearer insights.

**Refining transformation rules for grids**

In pair 5, both a blue and green cell have a length of 1, leading to a tie. I’ll break the tie by choosing the blue cell in row 2 because it appears first. This establishes the transformation rule: copy the longest contiguous horizontal sequence of non-black cells. In case of a tie, select the one that appears first from left to right and top to bottom.

Now, moving to the second image, it features a blue block of size 2 and a green line of size 4. I'll choose the green line because it’s longer, resulting in a grid of four green squares displayed as “3 3 3 3.” Finally, I’ll format the transformation rule and output it in minified JSON, ensuring to include my explanation succinctly.

Rule: From all contiguous horizontal runs of non-black cells pick the one with the greatest length; if several runs share that maximum length, pick the one encountered first when the picture is scanned row-by-row, left-to-right. Output exactly that run (no other rows or columns).",,0,"The Evaluated Rule focuses on contiguous horizontal runs of non-black cells and selects the longest one, while the Ground Truth Rule specifies producing the highest contained shape in a minimal bounding box, which is a broader and different requirement that may involve vertical and other shapes, not just horizontal runs.","From all contiguous horizontal runs of non-black cells pick the one with the greatest length; if several runs share that maximum length, pick the one encountered first when the picture is scanned row-by-row, left-to-right. Output exactly that run (no other rows or columns).",1,Incorrect,2,0
2025-07-24T22:45:39,TopBottom2D,TopBottom2D7,2,medium,0,mismatch,0,4 4 4 4 4,"**Analyzing grid transformations**

I need to inspect the first image that shows pairs of grids: the left is original and the right is transformed. The goal is to identify a single rule and then apply it to the second image grid. I have a list of color indices for reference. Focusing on the left grid, the top-left seems to have a horizontal row of blue. I'll analyze the right grid, which appears to contain a thin horizontal row of blue squares, possibly revealing the transformation.

**Identifying the extraction rule**

I’m considering a rule based on extracting the longest contiguous colored row in the original grid. I'll examine each pair carefully. The first image has grids arranged vertically, and while the left shows five grids, the transformed right grids reflect those changes. 

In the top pair, the left grid has a continuous row of blue, ending in a black cell. For the rule, it may focus on cropping to the longest segment of color, or replicating the pattern of colored cells. I'll closely analyze each grid pair for confirmation.

**Refining the extraction rule**

I see that in the second pair, the output is green, suggesting a rule based on the longest contiguous colored segment. It makes me rethink: if there's no full blue row, the output could be determined by the longest visible segment. 

Each pair needs close examination for the topmost non-black segment. I suspect the transformation extracts this segment and crops it as a new minimal row. I’ll verify pairs to confirm that the algorithm captures the first horizontal segment of colors, ensuring it outputs the correct row.

**Finalizing row extraction**

For the second image, I observe that the topmost row with non-black cells is yellow. It appears to have 5 yellow squares across. I must verify this again because I initially counted 6. Visual inspections suggest the yellow spans from column index 1 to 5, making it 5 contiguous squares. Thus, the final grid output is represented as: 

{""rule"":""Take the topmost horizontal contiguous group of non-black cells and output them as a new grid, preserving their length and color."",""grid"":""4 4 4 4 4""} 

I need to ensure that this rule is clear and generic for similar tasks.

Rule: Scan rows from top to bottom until a non-black cell is met. Isolate that contiguous block of coloured cells (ignoring surrounding black) and output it as a new grid consisting of a single row with the same colours in the same order.",,1,"The Evaluated Rule focuses on scanning rows and isolating a contiguous block of colored cells, producing a single row output. This does not align with the Ground Truth Rule, which requires producing the highest contained shape in a minimal bounding box, suggesting a broader consideration of the entire shape rather than just the first encountered block.",Scan rows from top to bottom until a non-black cell is met. Isolate that contiguous block of coloured cells (ignoring surrounding black) and output it as a new grid consisting of a single row with the same colours in the same order.,1,Correct - Intended,2,0
2025-07-24T22:45:27,TopBottom2D,TopBottom2D7,3,medium,1,,0,"7 7 7 7 7
7 7 7 7 7
7 7 7 7 7","**Analyzing transformation rules**

I'm looking at the first image pairs to infer a transformation rule for application on the second image grid. The first image has a vertical strip with larger left squares and smaller right images. I need to describe the rule for transforming the left grid into the right. Each grid in the left side shows various colors, with blue prominently featured, along with potential black squares. 

I’m considering the presence of only a few colors: black, blue, and green, which might help clarify the transformation.

**Analyzing transformation rules in image pairs**

Looking at the first pair, the left grid shows a top row full of blue squares with black at the end. In contrast, the right side displays a thin strip of only blue squares. It seems the transformation is about extracting non-black rows and trimming any black edges. 

So, for the first pair, they extracted the row's colored segment, which aligns with the count of blue cells. This rule might entail taking all colored cells from the topmost row or even the largest cluster. I need to cross-check this with the second pair. In that grid, a three-cell green line emerges below the top row. Let me analyze each pair one by one.

**Identifying earliest colored pixels**

In analyzing the grids from the pairs, I’m working to identify the earliest colored pixels. For pair three, there’s a green line beginning at column two and a blue cluster starting at column zero, while pair four has a green pixel near the top. When checking pair five, the first blue pixel appears prominently. The discovered rule is to scan from top to bottom and left to right, extracting the contiguous area of the first colored pixel.

Looking at the second grid, I see an orange block and a yellow stripe. Since the orange block is above the yellow stripe, orange is determined to be the earliest color to output as a contiguous 4x4 region.

**Measuring orange region in grid**

I'm analyzing the rectangular orange area in the screenshot. It looks like the orange squares are organized, perhaps four wide and three tall. The block starts at around row two and extends downwards. 

As I look closer, it seems there are five squares across but some details are tricky. I need to ensure the final grid contains just the orange region, cropping to include only the colored squares and ignoring black ones. The structure looks solid, so I’ll approximate the dimensions carefully, ensuring there are no internal gaps. The focus is exclusively on maintaining the contiguous region of orange.

**Finalizing orange grid dimensions**

I recall the orange squares start at column 4 and end at column 8, making the width 5. Now, I'm estimating the height at maybe 3 rows since the bottom of the orange area is separated from the yellow stripe by a black row. 

So, I’ll create a grid with dimensions 3x5. The color value for orange is 7, resulting in:

Row 1: 7 7 7 7 7  
Row 2: 7 7 7 7 7  
Row 3: 7 7 7 7 7  

Now, I’m ready to finalize the output.

Rule: Scan the grid from top-left to bottom-right. As soon as the first non-black cell is encountered, select its entire 4-connected region of that colour, crop to the region’s tight bounding box, and output only that cropped region.",,1,"The Evaluated Rule specifies scanning the grid from top-left to bottom-right and selecting the first encountered non-black cell's entire 4-connected region, which may not necessarily produce the highest contained shape in a minimal bounding box. The Ground Truth Rule focuses on the highest shape, which could be different from the first encountered region.","Scan the grid from top-left to bottom-right. As soon as the first non-black cell is encountered, select its entire 4-connected region of that colour, crop to the region’s tight bounding box, and output only that cropped region.",1,Correct - Intended,2,0
2025-07-24T22:48:15,TopBottom2D,TopBottom2D8,1,medium,0,mismatch,0,"0 8 0 0 0 0 0 0 0 0 0 0 0 0 0
0 8 0 0 0 0 0 0 0 0 0 0 0 0 0
0 8 0 0 0 0 0 0 0 0 0 0 0 0 0
0 8 0 0 0 0 0 0 0 0 0 0 0 0 0
0 0 0 0 0 0 0 0 0 0 0 0 0 8 0
0 0 0 0 0 0 0 0 0 0 0 0 0 8 0
0 0 0 0 0 0 0 0 0 0 0 0 0 8 0
0 0 0 0 0 0 0 8 0 0 0 0 0 8 0
0 0 0 0 0 0 0 8 0 0 0 0 0 0 0
0 0 0 0 0 0 0 8 0 0 0 0 0 0 0
0 0 0 0 0 0 0 8 0 0 0 0 0 0 0
0 0 0 0 0 0 0 8 0 0 8 0 0 0 0
0 0 0 0 0 0 0 0 0 0 8 0 0 0 0
0 0 0 0 0 0 0 0 0 0 8 0 0 0 0
0 0 0 0 0 0 0 0 0 0 8 0 0 0 0","**Inferring transformation rules**

I'm analyzing the transformation rules based on the first image with three pairs of grids. In the first pair, we see two hollow squares with different colors, and they both turn red on the right. This suggests a unification of colors where red might be the dominant color. Looking at the second pair, it features three T-shaped figures in different colors — yellow, blue, and green. I need to delve deeper into these pairs to identify consistent transformation patterns.

**Analyzing shape colors**

I'm considering the colors of shapes along diagonals in a grid. The bottom left pair shows magenta and blue shapes in the left grid, which all turn light blue on the right. I'm wondering if the chosen color is from the shape closest to the bottom or the one that appears most frequently. I think if the counts are equal, the color of the top-left shape might be selected. 

In each pair, I notice a pattern: the color of the lowest shape is often chosen to unify the colors. For example, in the first pair, red is selected because it was lower than green.

**Determining grid details**

I'm evaluating the typical cell size, which I think is around 20 pixels. The dataset uses a resolution of 600x600 for a 30x30 grid. Each grid might actually consist of 15x15 cells based on earlier calculations. Now, I need to examine vertical line coordinates within that grid.

The yellow vertical line appears in the first column, but there's a bit of uncertainty whether it's offset. The magenta and red lines also require precise placement, so I'll visualize the rows and columns carefully based on the shapes' heights. My goal is to ensure that the final grid matches the expected format exactly.

**Analyzing grid coordinates**

I recognize that there’s a difference to consider in the grid sizes. The task involves analyzing the height of vertical lines and ensuring accuracy in positioning while replicating the shapes precisely. This puzzle seems to involve an established pattern, likely from a known dataset. 

I think the expected output should have all non-black cells unified to a specific color. From my previous memory of the training examples, I need to be certain of the coordinates for each shape while maintaining the necessary grid structure. It’s crucial to verify my recollections against the intended output accurately.

Rule: Repaint every non-black cell with the colour of the lowest non-black cell in the grid (the one appearing in the bottommost row).",,1,"The Evaluated Rule specifies to repaint every non-black cell with the color of the lowest non-black cell in the bottommost row, which is different from the Ground Truth Rule that requires coloring all contained shapes with the color of the lowest contained shape, regardless of their position in the grid.",Repaint every non-black cell with the colour of the lowest non-black cell in the grid (the one appearing in the bottommost row).,1,Correct - Intended,2,0
2025-07-24T22:52:48,TopBottom2D,TopBottom2D8,2,medium,0,mismatch,0,"0 0 0 0 0 0 0 0 0 0 0 0 0 0 0
0 0 8 8 8 8 8 8 8 8 8 8 8 0 0
0 0 8 8 0 0 0 0 0 0 0 8 8 0 0
0 0 8 8 8 8 8 8 8 8 8 8 8 0 0
0 0 8 8 8 8 8 8 8 8 8 8 8 0 0
0 0 8 8 0 0 0 0 0 0 0 8 8 0 0
0 0 8 8 8 8 8 8 8 8 8 8 8 0 0
0 0 8 8 8 8 8 8 8 8 8 8 8 0 0
0 0 8 8 0 0 0 0 0 0 0 8 8 0 0
0 0 8 8 8 8 8 8 8 8 8 8 8 0 0
0 0 0 0 0 0 0 0 0 0 0 0 0 0 0
0 0 0 0 0 0 0 0 0 0 0 0 0 0 0
0 0 0 0 0 0 0 0 0 0 0 0 0 0 0
0 0 0 0 0 0 0 0 0 0 0 0 0 0 0
0 0 0 0 0 0 0 0 0 0 0 0 0 0 0","**Interpreting the puzzle**

I’m scanning the ARC-style puzzle, starting with the first image. There are three pairs of grids: the left shows multi-colored shapes while the right illustrates a transformation. In the top pair, I see two hollow squares—one green and one red—against a black background. The right grid shows them both turned red. This seems to suggest a rule where all non-black pixels transform to a common color, possibly red. I’m curious to see how this applies to the second pair, which has T-shaped figures in various colors.

**Analyzing shapes and colors**

I’m diving into the puzzle with shapes: the left grid shows three T shapes in yellow, blue, and green, while the right transforms them all to gray. This suggests a rule of color homogenization. In the third pair, I see plus shapes arranged diagonally, which also become light blue. The rule appears to be transforming colors to the most frequent one displayed, varying by pair. Looking again, I observe color distributions closely, noting that the nuances like size and placement can complicate the analysis. I'll keep analyzing for clarity!

**Inspecting color patterns**

I'm examining the puzzle further and notice that the second pair has a long horizontal gray bar with T shapes on a black background. It seems that the left grid has a mix of colors: yellow, blue, green, and gray, while the right homogenizes everything to gray. I wonder if the gray is indeed the dominant color due to its size.

For the third pair, I see magenta and blue shapes, but the right grid shows everything in light blue. It looks like the colors in the bottommost row dictate the recoloring rule. I’ll check if this approach holds for the pairs I analyzed.

Rule: Change every non-black cell to the colour that is positioned lowest in the grid (the colour whose pixels have the greatest row index).",,1,"The Evaluated Rule specifies changing every non-black cell to the color of the lowest positioned color in the grid, which does not necessarily correspond to the color of the lowest contained shape as required by the Ground Truth Rule. The two rules have different criteria for determining the color to apply.",Change every non-black cell to the colour that is positioned lowest in the grid (the colour whose pixels have the greatest row index).,1,Correct - Intended,2,0
2025-07-24T22:52:49,TopBottom2D,TopBottom2D8,3,medium,0,parse:non-integer token in row 1,0,"Start with the provided grid and change every coloured square (red, yellow and the original green ones) to green (index 3). Leave every black (index 0) square as it is, so the pattern is preserved but all non-black cells are now green.","**Analyzing Image Transformations**

I need to deduce a rule from some triplet examples. The first composite image has two columns with grids. In the top pair, the left grid features a black background with two colored rings: a green ring above, and a red one below. The right grid shows both rings in red, suggesting a transformation of recoloring the non-background pixels to a single color. Moving to the second pair, the left grid has three 'T' shapes in different colors, including yellow, blue, and green.

**Examining Color Rules**

The left second pair image seems to show four T shapes in different colors. In this case, the right grid displays all gray T shapes, which suggests a rule of recoloring the shapes to a single color—specifically gray. I wonder if the choice depends on which color appears most frequently or if it’s about the outline. In the third pair, there are distinct shapes in colors like magenta and blue, transforming them to a unified cyan.

**Determining Color Selection Rules**

I need to decide on a color selection rule based on the shapes' positions. It seems that the chosen color is determined by the bottom-most shape in each image. 

For example, in the first pair, the bottom red ring informs the choice of red. In the second pair, there's some uncertainty about whether the bottom-most T shape is gray or green. In the third pair, it looks like all plus shapes change to cyan. Thus, it seems like the rule is to recolor shapes based on the bottom-most one. I’ll need to confirm this with visual checks.

Rule: All non-background cells take on the colour that is lowest in the picture – i.e., the colour that has at least one pixel on the lowest row among all coloured pixels. Every other aspect of the layout stays the same.",,1,"The Evaluated Rule specifies that all non-background cells take on the color that is lowest in the picture based on the lowest row, which does not necessarily correspond to the color of the lowest contained shape as required by the Ground Truth Rule. The two rules have different criteria for determining the color assignment.","All non-background cells take on the colour that is lowest in the picture – i.e., the colour that has at least one pixel on the lowest row among all coloured pixels. Every other aspect of the layout stays the same.",1,Correct - Intended,2,0
2025-07-24T22:53:19,TopBottom2D,TopBottom2D9,1,medium,0,mismatch,0,"5 0 0 0 5 0 0
5 0 0 0 5 0 0
0 5 0 0 0 5 0
0 0 5 0 0 0 5
0 0 0 5 0 0 0
0 0 5 0 0 0 5
0 5 0 0 0 5 0","**Examining the grid transformation**

I'm looking at a second image with a grid that seems to be 7 x 7, mostly filled with maroon. My aim is to create a transformed grid, possibly by adding grey squares to indicate some changes. The training pairs suggest rules about how colors in each row work: there's a black background mixed with colored shapes. It looks like the output grid on the right introduces grey squares, replacing black or empty areas. In pairs 2, 3, and 4, grey squares seem to replace earlier black positions, transforming the shapes.

**Analyzing grid pattern in pair 3**

Let's focus on pair 3. The right grid shows grey squares in the left columns and possibly in some rows, with grey appearing along the top row. It seems black may be replaced with grey in the top-left corner. I want to apply a rule: fill the empty area above the first colored cell in each column with grey. In the first pair, blue lines run horizontally, and the grey row would sit above the first blue cell. 

If we fill the area above the first colored cell with grey, it looks like it fits the pattern by creating diagonal grey shapes above red cells in the second pair, forming a staircase effect.

**Examining grid rules**

The second pair shows grey squares along a diagonal, which seems plausible. In the third pair, a yellow path appears, with grey shapes along the top row until the first yellow cell in each column. The fourth pair has a similar pattern in cyan. 

The rule forms: shade all black cells above the highest non-black cell in each column, or to the left of the first colored cell in each row. In the first pair, blue lines indicate that the first non-black cell is in row 0, suggesting no grey area there. However, I think I might misinterpret which row holds the blue cell, so I want to take a closer look.

**Testing color conversion rules**

I'm exploring how blue stripes affect the rows. I think only rows without blue or any colored cells are turned grey; maybe the top row was black and got changed to grey because it had no blue. If stripes are present in rows 2, 4, 6, and 8, I need to confirm if rows with blue remain black. I need to clarify if row 1 turned black or grey, considering it might not have any colored cells. I'm uncertain, so I'll need to investigate further with other color pairs.

Rule: All black cells that are positioned above the highest non-black (coloured) cell within the same column are recoloured to 5 (grey). Every other cell keeps its original colour.",,0,"The Evaluated Rule specifies recoloring only the black cells above the highest non-black cell in each column, which does not fully reproduce the grid as required by the Ground Truth Rule. The Ground Truth Rule requires coloring the highest contained shape grey, which may not necessarily be the highest non-black cell, and does not limit the recoloring to only black cells above that point.",All black cells that are positioned above the highest non-black (coloured) cell within the same column are recoloured to 5 (grey). Every other cell keeps its original colour.,1,Incorrect,2,0
2025-07-24T22:46:54,TopBottom2D,TopBottom2D9,2,medium,0,parse:non-integer token in row 1,0,could_not_determine,"**Analyzing grid visual patterns**

I’m taking a closer look at the grid patterns in the images. The top-right grid seems to have its first row gray instead of blue, and blue stripes might start at row three. I wonder if the transformation involves a rotation or translation of the grid. 

In the top-left grid, the rows alternate between blue and black. It looks like I have a 10x10 grid where even rows are blue and odd rows are black, while the top-right grid's orientation possibly shifted the color pattern.

**Examining grid transformations**

I’m analyzing various grid patterns from the provided images. In the top-right grid, I notice the first row might be gray, not blue. It seems there are black and blue stripes in the rows beneath. The idea of shifting rows to columns stands out, especially with gray filling in the background. 

As I look at pairs of grids, I see patterns of red, yellow, and cyan with possible transformations creating gray sections. My hypothesis is that the addition of gray columns might alter the original color patterns and I'll need to investigate these transformations further.

**Exploring grid transformations**

I’m considering a possible rule where colored cells in the first column turn to gray, shifting the rest to the right. In the top pair, blue rows remain, but the first row on the right grid turns gray, possibly replacing blue. I visualize changes in cell colors, noting gray introduces a third color to the grids. This transformation might represent the majority color in one dimension. I need to analyze pairs further, especially looking at how colors relate through rows and columns for patterns.

**Considering color transformation**

I’m thinking we can’t always treat black as the background color; we need to identify the most frequent color instead. In the third example, black may actually be a minority shape while yellow is the majority background. So when I identify cells as 'non-background,' I'm focusing on those not in the background color. For each column, I'll recolor the first non-background cell with grey. Testing this, I see that the topmost non-background cell gets replaced with grey, which works well!

**Examining color patterns**

In the second pair, I'm thinking the background might be black with red stripes across. I’ll replace the topmost red cell in each column with grey. It could create a diagonal effect.

For the third pair, the background seems to be yellow, so I'll change the first non-yellow (black) cell to grey. This would outline the black shape.

The fourth pair might have a cyan background instead of black. I need to inspect the grid. Regardless of which color is major, my rule remains: replace the topmost non-background cell in each column with grey. 

For the final orange/black grid, I suspect the background is orange, given the proportions; I’ll replace the topmost black cells in each column with grey. Finally, I’ll output the grid with color indices.

Rule: For every column, find the first cell (scanning from the top) whose color differs from the background color of the picture; recolor that cell to gray while leaving every other cell unchanged.",,0,"The Evaluated Rule only recolors the first cell in each column that differs from the background color, which does not ensure that the highest contained shape is colored grey as required by the Ground Truth Rule. The transformation functionality is not equivalent.","For every column, find the first cell (scanning from the top) whose color differs from the background color of the picture; recolor that cell to gray while leaving every other cell unchanged.",1,Incorrect,2,0
2025-07-24T22:49:24,TopBottom2D,TopBottom2D9,3,medium,0,mismatch,0,"0 0 5 0 5 5
3 3 3 0 5 8
0 0 0 0 5 8
5 5 5 5 5 8
0 0 0 0 0 0
8 8 8 8 8 8","**Analyzing image pairs**

I'm starting with the first image, which shows four pairs of grids. The goal is to find the rule that transforms the left grid into the right grid. I’ll apply this rule to a second image. For the first pair, the left grid appears to have blue stripes on a black background. It seems like an 8x8 grid. I’ll zoom in on each pair to analyze further, focusing on the specific color and layout patterns.

**Analyzing grid patterns**

I’m closely examining the first image's grids. The left grid has alternating blue and black rows, so the pattern appears to be horizontal stripes, starting with blue. The right grid has a gray strip at the top, followed by the black and blue stripes. It seems that a rule might involve changing rows or adding gray to the top row. 

Now looking at the second pair, I notice red and black patterns with a similar transformation involving gray along the diagonal. This analysis will help form a clearer hypothesis about the transformations across all the pairs.

**Examining grid transformations**

I'm analyzing pair three, focusing on yellow and black colors. It seems yellow is predominant, while black may represent a walkway interior. The right grid adds gray, possibly indicating a rule about converting colors along connecting paths or enhancing symmetry.

Now, looking at pair four with cyan and black, it appears the left grid has cyan squares, while the right adds gray squares in similar positions. I think the rule might involve replacing colored cells at intersections with gray, especially for boundary cells that touch grid edges.  

I’ll keep validating this rule through all pairs.

Rule: Scan from the top until you reach the first row that contains any colour other than black; recolour every non-black cell in that row to gray (5), leaving the rest of the grid unchanged.",,0,"The Evaluated Rule only colors non-black cells in the first row that contains any color other than black, while the Ground Truth Rule requires coloring the highest contained shape grey throughout the entire grid. This means the Evaluated Rule does not reproduce the grid completely as required by the Ground Truth Rule.","Scan from the top until you reach the first row that contains any colour other than black; recolour every non-black cell in that row to gray (5), leaving the rest of the grid unchanged.",1,Incorrect,2,0
